{
    "ssim_score": 0.897300660610199,
    "lpips_score": 0.10173658281564713,
    "fid_score": 143.82939801792298,
    "kid_score": -0.038853115678644475,
    "is_score": 1.0
}